,Date,Ticker,Mean Rating,Mean Description,# of Ratings,Buy (%),Overweight (%),Hold (%),Underweight (%),Sell (%),Mean Tgt Price,# of Tgt Prices,Tgt Price Implied Return (%)
0,01 Dec '19,APPL,1.59,Overweight ,43,51.2,4.7,30.2,2.3,11.6,256.75,39,-3.9
1,30 Sep '19,APPL,1.62,Overweight ,42,45.2,4.8,40.5,0.0,9.5,225.52,37,0.7
2,28 Jun '19,APPL,1.58,Overweight ,42,47.6,2.4,42.9,0.0,7.1,210.87,36,6.5
3,29 Mar '19,APPL,1.54,Overweight ,39,46.2,5.1,46.2,0.0,2.6,191.29,32,0.7
4,31 Dec '18,APPL,1.51,Overweight ,42,47.6,7.1,42.9,0.0,2.4,218.73,33,38.7
5,28 Sep '18,APPL,1.43,Overweight ,41,56.1,7.3,34.1,0.0,2.4,233.20,34,3.3
6,29 Jun '18,APPL,1.45,Overweight ,42,50.0,9.5,40.5,0.0,0.0,199.14,35,7.6
7,29 Mar '18,APPL,1.44,Overweight ,39,51.3,10.3,38.5,0.0,0.0,191.66,32,14.2
8,29 Dec '17,APPL,1.25,Overweight ,38,68.4,13.2,18.4,0.0,0.0,191.84,32,13.4
9,29 Sep '17,APPL,1.31,Overweight ,37,64.9,13.5,18.9,0.0,2.7,177.13,32,14.9
10,30 Jun '17,APPL,1.34,Overweight ,43,62.8,11.6,23.3,0.0,2.3,162.94,37,13.1
11,31 Mar '17,APPL,1.30,Overweight ,42,64.3,11.9,23.8,0.0,0.0,151.39,37,5.4
12,30 Dec '16,APPL,1.30,Overweight ,46,67.4,13.0,15.2,0.0,4.3,130.45,40,12.6
13,30 Sep '16,APPL,1.29,Overweight ,45,71.1,11.1,11.1,2.2,4.4,125.20,39,10.7
14,30 Jun '16,APPL,1.17,Buy ,44,81.8,6.8,9.1,0.0,2.3,122.11,40,27.7
15,31 Mar '16,APPL,1.20,Buy ,47,78.7,6.4,12.8,0.0,2.1,132.83,41,21.9
16,31 Dec '15,APPL,1.24,Buy ,50,74.0,8.0,16.0,0.0,2.0,145.70,43,38.4
17,30 Sep '15,APPL,1.30,Overweight ,51,68.6,9.8,17.6,0.0,3.9,145.84,44,32.2
18,30 Jun '15,APPL,1.38,Overweight ,51,60.8,9.8,25.5,0.0,3.9,147.28,43,17.4
19,31 Mar '15,APPL,1.36,Overweight ,49,63.3,10.2,22.4,0.0,4.1,138.35,41,11.2
20,31 Dec '14,APPL,1.34,Overweight ,50,66.0,8.0,22.0,0.0,4.0,121.74,43,10.3
24,01 Dec '19,AMZN,1.08,Buy ,49,87.8,8.2,4.1,0.0,0.0,"2,178.08",45,21.0
25,30 Sep '19,AMZN,1.04,Buy ,47,91.5,8.5,0.0,0.0,0.0,"2,293.77",42,32.1
26,28 Jun '19,AMZN,1.04,Buy ,47,91.5,8.5,0.0,0.0,0.0,"2,249.73",43,18.8
27,29 Mar '19,AMZN,1.06,Buy ,44,88.6,11.4,0.0,0.0,0.0,"2,121.40",40,19.1
28,31 Dec '18,AMZN,1.07,Buy ,47,87.2,10.6,2.1,0.0,0.0,"2,153.45",44,43.4
29,28 Sep '18,AMZN,1.10,Buy ,47,85.1,10.6,4.3,0.0,0.0,"2,198.21",44,9.7
30,29 Jun '18,AMZN,1.09,Buy ,48,85.4,10.4,4.2,0.0,0.0,"1,891.67",43,11.3
31,29 Mar '18,AMZN,1.10,Buy ,46,84.8,10.9,4.3,0.0,0.0,"1,699.93",43,17.5
32,29 Dec '17,AMZN,1.13,Buy ,49,81.6,10.2,8.2,0.0,0.0,"1,297.49",43,10.9
33,29 Sep '17,AMZN,1.19,Buy ,47,78.7,8.5,10.6,0.0,2.1,"1,161.68",40,20.8
34,30 Jun '17,AMZN,1.17,Buy ,42,78.6,9.5,11.9,0.0,0.0,"1,127.86",35,16.5
35,31 Mar '17,AMZN,1.16,Buy ,46,78.3,10.9,10.9,0.0,0.0,956.88,40,7.9
36,30 Dec '16,AMZN,1.16,Buy ,43,76.7,14.0,9.3,0.0,0.0,942.92,38,25.7
37,30 Sep '16,AMZN,1.18,Buy ,45,75.6,13.3,11.1,0.0,0.0,905.59,39,8.2
38,30 Jun '16,AMZN,1.18,Buy ,44,75.0,13.6,11.4,0.0,0.0,817.59,39,14.2
39,31 Mar '16,AMZN,1.17,Buy ,46,76.1,13.0,10.9,0.0,0.0,739.49,41,24.6
40,31 Dec '15,AMZN,1.23,Buy ,45,71.1,11.1,17.8,0.0,0.0,746.23,40,10.4
41,30 Sep '15,AMZN,1.19,Buy ,44,75.0,11.4,13.6,0.0,0.0,652.05,39,27.4
42,30 Jun '15,AMZN,1.44,Overweight ,43,48.8,14.0,37.2,0.0,0.0,465.63,35,7.3
43,31 Mar '15,AMZN,1.49,Overweight ,43,46.5,11.6,39.5,2.3,0.0,393.34,35,5.7
44,31 Dec '14,AMZN,1.46,Overweight ,46,50.0,8.7,41.3,0.0,0.0,355.68,37,14.6
48,01 Dec '19,CVX,1.28,Overweight ,25,68.0,8.0,24.0,0.0,0.0,136.52,23,16.6
49,30 Sep '19,CVX,1.33,Overweight ,24,62.5,8.3,29.2,0.0,0.0,137.64,22,16.1
50,28 Jun '19,CVX,1.32,Overweight ,22,63.6,9.1,27.3,0.0,0.0,137.45,20,10.5
51,29 Mar '19,CVX,1.32,Overweight ,25,64.0,8.0,28.0,0.0,0.0,136.27,22,10.6
52,31 Dec '18,CVX,1.31,Overweight ,24,62.5,12.5,25.0,0.0,0.0,138.59,22,27.4
53,28 Sep '18,CVX,1.35,Overweight ,23,60.9,8.7,30.4,0.0,0.0,143.33,21,17.2
54,29 Jun '18,CVX,1.35,Overweight ,23,60.9,8.7,30.4,0.0,0.0,142.24,22,12.5
55,29 Mar '18,CVX,1.31,Overweight ,26,69.2,0.0,30.8,0.0,0.0,134.50,23,17.9
56,29 Dec '17,CVX,1.44,Overweight ,27,59.3,0.0,37.0,0.0,3.7,127.04,23,1.5
57,29 Sep '17,CVX,1.43,Overweight ,28,60.7,0.0,35.7,0.0,3.6,116.09,23,-1.2
58,30 Jun '17,CVX,1.44,Overweight ,27,59.3,0.0,37.0,0.0,3.7,120.87,23,15.9
59,31 Mar '17,CVX,1.37,Overweight ,27,63.0,0.0,37.0,0.0,0.0,125.74,23,17.1
60,30 Dec '16,CVX,1.36,Overweight ,28,64.3,0.0,35.7,0.0,0.0,120.79,24,2.6
61,30 Sep '16,CVX,1.46,Overweight ,27,51.9,3.7,44.4,0.0,0.0,111.76,23,8.6
62,30 Jun '16,CVX,1.52,Overweight ,26,46.2,3.8,50.0,0.0,0.0,106.34,22,1.4
63,31 Mar '16,CVX,1.50,Overweight ,27,48.1,3.7,48.1,0.0,0.0,98.41,23,3.2
64,31 Dec '15,CVX,1.52,Overweight ,26,46.2,11.5,38.5,0.0,3.8,99.32,22,10.4
65,30 Sep '15,CVX,1.76,Hold ,25,32.0,8.0,48.0,0.0,12.0,93.30,20,18.3
66,30 Jun '15,CVX,1.82,Hold ,25,24.0,8.0,56.0,4.0,8.0,112.95,19,17.1
67,31 Mar '15,CVX,1.77,Hold ,26,23.1,11.5,57.7,3.8,3.8,112.75,21,7.4
68,31 Dec '14,CVX,1.66,Overweight ,25,32.0,16.0,44.0,4.0,4.0,123.08,22,9.7
72,01 Dec '19,DIS,1.26,Overweight ,25,76.0,0.0,20.0,4.0,0.0,157.64,22,4.0
73,30 Sep '19,DIS,1.22,Buy ,23,78.3,0.0,21.7,0.0,0.0,155.85,20,19.6
74,28 Jun '19,DIS,1.35,Overweight ,26,65.4,0.0,34.6,0.0,0.0,154.24,21,10.5
75,29 Mar '19,DIS,1.40,Overweight ,24,62.5,4.2,29.2,0.0,4.2,125.65,20,13.2
76,31 Dec '18,DIS,1.38,Overweight ,25,64.0,4.0,28.0,0.0,4.0,125.64,22,14.6
77,28 Sep '18,DIS,1.56,Overweight ,25,48.0,0.0,48.0,0.0,4.0,120.63,22,3.2
78,29 Jun '18,DIS,1.55,Overweight ,22,50.0,0.0,45.5,0.0,4.5,118.27,20,12.8
79,29 Mar '18,DIS,1.46,Overweight ,24,62.5,0.0,29.2,0.0,8.3,121.60,23,21.1
80,29 Dec '17,DIS,1.59,Overweight ,28,50.0,0.0,39.3,3.6,7.1,113.42,26,5.5
81,29 Sep '17,DIS,1.53,Overweight ,32,53.1,3.1,34.4,3.1,6.3,112.32,28,14.0
82,30 Jun '17,DIS,1.50,Overweight ,31,54.8,3.2,35.5,0.0,6.5,118.96,28,12.0
83,31 Mar '17,DIS,1.45,Overweight ,30,60.0,3.3,30.0,0.0,6.7,118.52,27,4.5
84,30 Dec '16,DIS,1.53,Overweight ,34,44.1,5.9,50.0,0.0,0.0,109.82,28,5.4
85,30 Sep '16,DIS,1.59,Overweight ,33,42.4,3.0,51.5,0.0,3.0,110.56,27,19.1
86,30 Jun '16,DIS,1.58,Overweight ,33,45.5,6.1,42.4,0.0,6.1,110.25,28,12.7
87,31 Mar '16,DIS,1.56,Overweight ,34,47.1,5.9,41.2,0.0,5.9,110.41,29,11.2
88,31 Dec '15,DIS,1.51,Overweight ,34,47.1,8.8,41.2,0.0,2.9,119.76,29,14.0
89,30 Sep '15,DIS,1.43,Overweight ,30,53.3,6.7,40.0,0.0,0.0,119.26,27,16.7
90,30 Jun '15,DIS,1.42,Overweight ,31,54.8,6.5,38.7,0.0,0.0,117.67,27,3.1
91,31 Mar '15,DIS,1.50,Overweight ,30,46.7,6.7,46.7,0.0,0.0,107.46,24,2.4
92,31 Dec '14,DIS,1.50,Overweight ,30,46.7,6.7,46.7,0.0,0.0,96.88,26,2.9
96,01 Dec '19,GOOGL,1.19,Buy ,45,77.8,6.7,15.6,0.0,0.0,"1,470.18",42,12.7
97,30 Sep '19,GOOGL,1.17,Buy ,45,80.0,6.7,13.3,0.0,0.0,"1,415.54",42,15.9
98,28 Jun '19,GOOGL,1.16,Buy ,43,79.1,9.3,11.6,0.0,0.0,"1,335.59",41,23.3
99,29 Mar '19,GOOGL,1.10,Buy ,42,85.7,9.5,4.8,0.0,0.0,"1,343.74",38,14.2
100,31 Dec '18,GOOGL,1.10,Buy ,44,84.1,11.4,4.5,0.0,0.0,"1,353.75",42,29.6
101,28 Sep '18,GOOGL,1.14,Buy ,44,81.8,9.1,9.1,0.0,0.0,"1,393.99",41,15.5
102,29 Jun '18,GOOGL,1.13,Buy ,42,83.3,7.1,9.5,0.0,0.0,"1,259.89",40,11.6
103,29 Mar '18,GOOGL,1.17,Buy ,45,80.0,6.7,13.3,0.0,0.0,"1,281.02",43,23.5
104,29 Dec '17,GOOGL,1.17,Buy ,43,79.1,7.0,14.0,0.0,0.0,"1,185.38",40,12.5
105,29 Sep '17,GOOGL,1.16,Buy ,44,79.5,9.1,11.4,0.0,0.0,"1,091.92",42,12.1
106,30 Jun '17,GOOGL,1.20,Buy ,44,77.3,9.1,11.4,0.0,2.3,"1,059.83",41,14.0
107,31 Mar '17,GOOGL,1.16,Buy ,46,82.6,6.5,8.7,0.0,2.2,982.26,42,15.9
108,30 Dec '16,GOOGL,1.13,Buy ,44,86.4,6.8,4.5,0.0,2.3,963.51,41,21.6
109,30 Sep '16,GOOGL,1.14,Buy ,45,84.4,6.7,6.7,0.0,2.2,934.49,41,16.2
110,30 Jun '16,GOOGL,1.13,Buy ,48,83.3,8.3,8.3,0.0,0.0,904.56,43,28.6
111,31 Mar '16,GOOGL,1.13,Buy ,53,83.0,7.5,9.4,0.0,0.0,923.83,46,21.1
112,31 Dec '15,GOOGL,1.13,Buy ,53,83.0,7.5,9.4,0.0,0.0,851.83,47,9.5
113,30 Sep '15,GOOGL,1.11,Buy ,50,84.0,10.0,6.0,0.0,0.0,774.31,45,21.3
114,30 Jun '15,GOOGL,1.24,Buy ,49,71.4,8.2,20.4,0.0,0.0,641.31,42,18.8
115,31 Mar '15,GOOGL,1.22,Buy ,49,73.5,8.2,18.4,0.0,0.0,627.41,42,13.1
116,31 Dec '14,GOOGL,1.21,Buy ,49,73.5,10.2,16.3,0.0,0.0,641.54,43,20.9
120,01 Dec '19,INTC,1.85,Hold ,42,31.0,7.1,40.5,4.8,16.7,57.56,32,-0.8
121,30 Sep '19,INTC,1.91,Hold ,43,25.6,4.7,48.8,4.7,16.3,53.90,31,4.6
122,28 Jun '19,INTC,1.89,Hold ,40,30.0,5.0,42.5,2.5,20.0,52.44,31,9.5
123,29 Mar '19,INTC,1.78,Hold ,37,35.1,8.1,37.8,2.7,16.2,53.46,28,-0.4
124,31 Dec '18,INTC,1.71,Overweight ,39,41.0,10.3,30.8,2.6,15.4,54.85,34,16.9
125,28 Sep '18,INTC,1.70,Overweight ,40,40.0,7.5,37.5,2.5,12.5,55.73,33,17.8
126,29 Jun '18,INTC,1.50,Overweight ,40,55.0,7.5,27.5,2.5,7.5,59.60,35,19.9
127,29 Mar '18,INTC,1.43,Overweight ,41,61.0,4.9,26.8,2.4,4.9,52.95,35,1.7
128,29 Dec '17,INTC,1.53,Overweight ,38,55.3,5.3,26.3,5.3,7.9,46.64,32,1.0
129,29 Sep '17,INTC,1.55,Overweight ,39,51.3,5.1,33.3,2.6,7.7,40.24,33,5.7
130,30 Jun '17,INTC,1.59,Overweight ,41,46.3,4.9,39.0,4.9,4.9,39.63,35,17.5
131,31 Mar '17,INTC,1.53,Overweight ,40,50.0,7.5,35.0,2.5,5.0,39.89,33,10.6
132,30 Dec '16,INTC,1.46,Overweight ,39,56.4,7.7,28.2,2.6,5.1,39.97,34,10.2
133,30 Sep '16,INTC,1.49,Overweight ,39,53.8,7.7,30.8,2.6,5.1,40.26,34,6.7
134,30 Jun '16,INTC,1.53,Overweight ,38,52.6,5.3,31.6,5.3,5.3,35.23,34,7.4
135,31 Mar '16,INTC,1.40,Overweight ,42,61.9,7.1,23.8,2.4,4.8,35.99,37,11.3
136,31 Dec '15,INTC,1.52,Overweight ,45,53.3,4.4,33.3,2.2,6.7,36.20,39,5.1
137,30 Sep '15,INTC,1.61,Overweight ,47,46.8,4.3,38.3,2.1,8.5,33.34,40,10.6
138,30 Jun '15,INTC,1.66,Overweight ,47,46.8,2.1,36.2,2.1,12.8,34.37,39,13.0
139,31 Mar '15,INTC,1.68,Overweight ,46,45.7,2.2,34.8,4.3,13.0,34.46,39,10.2
140,31 Dec '14,INTC,1.77,Hold ,47,38.3,2.1,42.6,2.1,14.9,35.27,40,-2.8
144,01 Dec '19,FB,1.17,Buy ,49,81.6,6.1,10.2,0.0,2.0,239.27,44,18.7
145,30 Sep '19,FB,1.19,Buy ,48,79.2,8.3,10.4,0.0,2.1,235.86,44,32.4
146,28 Jun '19,FB,1.21,Buy ,47,76.6,8.5,12.8,0.0,2.1,221.74,42,14.9
147,29 Mar '19,FB,1.29,Overweight ,47,68.1,10.6,19.1,0.0,2.1,197.27,41,18.3
148,31 Dec '18,FB,1.27,Overweight ,49,69.4,12.2,16.3,0.0,2.0,188.53,45,43.8
149,28 Sep '18,FB,1.28,Overweight ,48,70.8,10.4,14.6,0.0,4.2,205.51,44,25.0
150,29 Jun '18,FB,1.13,Buy ,45,86.7,4.4,6.7,0.0,2.2,221.37,42,13.9
151,29 Mar '18,FB,1.16,Buy ,45,86.7,4.4,4.4,0.0,4.4,218.81,42,36.9
152,29 Dec '17,FB,1.16,Buy ,46,84.8,6.5,4.3,0.0,4.3,208.11,43,17.9
153,29 Sep '17,FB,1.19,Buy ,45,82.2,6.7,6.7,0.0,4.4,194.12,42,13.6
154,30 Jun '17,FB,1.13,Buy ,43,83.7,7.0,9.3,0.0,0.0,171.11,39,13.3
155,31 Mar '17,FB,1.16,Buy ,46,82.6,6.5,8.7,0.0,2.2,159.34,41,12.2
156,30 Dec '16,FB,1.16,Buy ,44,81.8,9.1,6.8,0.0,2.3,154.85,40,34.6
157,30 Sep '16,FB,1.25,Overweight ,48,75.0,8.3,12.5,0.0,4.2,155.10,42,20.9
158,30 Jun '16,FB,1.13,Buy ,47,83.0,8.5,8.5,0.0,0.0,145.26,43,27.1
159,31 Mar '16,FB,1.15,Buy ,53,83.0,7.5,7.5,0.0,1.9,133.38,48,16.9
160,31 Dec '15,FB,1.12,Buy ,49,83.7,8.2,8.2,0.0,0.0,125.19,44,19.6
161,30 Sep '15,FB,1.18,Buy ,52,78.8,9.6,9.6,0.0,1.9,112.28,46,24.9
162,30 Jun '15,FB,1.21,Buy ,51,76.5,9.8,11.8,0.0,2.0,96.96,46,13.1
163,31 Mar '15,FB,1.21,Buy ,51,76.5,9.8,11.8,0.0,2.0,91.38,46,11.1
164,31 Dec '14,FB,1.17,Buy ,48,79.2,8.3,12.5,0.0,0.0,88.02,44,12.8
168,01 Dec '19,KO,1.50,Overweight ,23,43.5,13.0,43.5,0.0,0.0,58.90,20,10.3
169,30 Sep '19,KO,1.56,Overweight ,25,40.0,12.0,44.0,4.0,0.0,57.64,22,5.9
170,28 Jun '19,KO,1.58,Overweight ,24,41.7,4.2,50.0,4.2,0.0,52.14,21,2.4
171,29 Mar '19,KO,1.60,Overweight ,26,34.6,11.5,53.8,0.0,0.0,50.18,22,7.1
172,31 Dec '18,KO,1.50,Overweight ,26,46.2,7.7,46.2,0.0,0.0,51.92,24,9.6
173,28 Sep '18,KO,1.47,Overweight ,29,48.3,10.3,41.4,0.0,0.0,50.75,26,9.9
174,29 Jun '18,KO,1.46,Overweight ,28,50.0,7.1,42.9,0.0,0.0,49.63,26,13.2
175,29 Mar '18,KO,1.59,Overweight ,27,40.7,7.4,48.1,0.0,3.7,49.68,24,14.4
176,29 Dec '17,KO,1.63,Overweight ,28,35.7,10.7,50.0,0.0,3.6,49.00,25,6.8
177,29 Sep '17,KO,1.70,Overweight ,28,28.6,10.7,57.1,0.0,3.6,47.49,25,5.5
178,30 Jun '17,KO,1.70,Overweight ,25,28.0,12.0,56.0,0.0,4.0,45.89,21,2.3
179,31 Mar '17,KO,1.69,Overweight ,26,30.8,7.7,57.7,0.0,3.8,43.91,21,3.5
180,30 Dec '16,KO,1.60,Overweight ,24,37.5,8.3,50.0,4.2,0.0,45.06,20,8.7
181,30 Sep '16,KO,1.58,Overweight ,24,41.7,4.2,50.0,4.2,0.0,47.11,19,11.3
182,30 Jun '16,KO,1.52,Overweight ,23,47.8,4.3,43.5,4.3,0.0,48.05,19,6.0
183,31 Mar '16,KO,1.54,Overweight ,28,46.4,3.6,46.4,3.6,0.0,47.13,23,1.6
184,31 Dec '15,KO,1.63,Overweight ,27,44.4,3.7,40.7,3.7,7.4,45.19,21,5.2
185,30 Sep '15,KO,1.54,Overweight ,26,53.8,3.8,30.8,3.8,7.7,44.50,22,10.9
186,30 Jun '15,KO,1.67,Overweight ,24,41.7,4.2,41.7,4.2,8.3,44.74,19,14.0
187,31 Mar '15,KO,1.58,Overweight ,24,45.8,4.2,41.7,4.2,4.2,45.16,19,11.4
188,31 Dec '14,KO,1.62,Overweight ,25,40.0,8.0,44.0,4.0,4.0,44.10,21,4.4
192,01 Dec '19,BA,1.54,Overweight ,23,43.5,4.3,52.2,0.0,0.0,394.87,20,7.8
193,30 Sep '19,BA,1.43,Overweight ,23,52.2,8.7,39.1,0.0,0.0,430.60,20,13.2
194,28 Jun '19,BA,1.39,Overweight ,23,56.5,8.7,34.8,0.0,0.0,434.38,21,19.3
195,29 Mar '19,BA,1.26,Overweight ,25,68.0,12.0,20.0,0.0,0.0,454.77,22,19.2
196,31 Dec '18,BA,1.30,Overweight ,22,63.6,13.6,22.7,0.0,0.0,422.68,20,31.1
197,28 Sep '18,BA,1.30,Overweight ,25,64.0,12.0,24.0,0.0,0.0,416.28,24,11.9
198,29 Jun '18,BA,1.37,Overweight ,26,57.7,11.5,30.8,0.0,0.0,401.35,24,19.6
199,29 Mar '18,BA,1.41,Overweight ,28,53.6,10.7,35.7,0.0,0.0,392.13,24,19.6
200,29 Dec '17,BA,1.56,Overweight ,25,40.0,8.0,52.0,0.0,0.0,292.19,21,-0.9
201,29 Sep '17,BA,1.54,Overweight ,26,42.3,7.7,50.0,0.0,0.0,270.36,22,6.4
202,30 Jun '17,BA,1.70,Overweight ,27,37.0,11.1,37.0,3.7,11.1,192.80,22,-2.5
203,31 Mar '17,BA,1.70,Overweight ,27,37.0,11.1,37.0,3.7,11.1,177.71,21,0.5
204,30 Dec '16,BA,1.60,Overweight ,25,40.0,12.0,40.0,4.0,4.0,157.58,19,1.2
205,30 Sep '16,BA,1.63,Overweight ,23,39.1,8.7,43.5,4.3,4.3,147.65,17,12.1
206,30 Jun '16,BA,1.65,Overweight ,23,39.1,4.3,47.8,4.3,4.3,145.06,18,11.7
207,31 Mar '16,BA,1.63,Overweight ,24,37.5,8.3,50.0,0.0,4.2,139.89,18,10.2
208,31 Dec '15,BA,1.50,Overweight ,24,54.2,8.3,29.2,0.0,8.3,164.05,20,13.5
209,30 Sep '15,BA,1.48,Overweight ,24,58.3,4.2,29.2,0.0,8.3,163.38,21,24.8
210,30 Jun '15,BA,1.50,Overweight ,24,54.2,8.3,29.2,0.0,8.3,161.75,20,16.6
211,31 Mar '15,BA,1.48,Overweight ,25,56.0,8.0,28.0,0.0,8.0,159.67,21,6.4
212,31 Dec '14,BA,1.46,Overweight ,25,56.0,4.0,36.0,0.0,4.0,147.33,21,13.4
216,01 Dec '19,MSFT,1.15,Buy ,33,81.8,6.1,12.1,0.0,0.0,161.48,29,6.7
217,30 Sep '19,MSFT,1.17,Buy ,32,81.3,9.4,6.3,0.0,3.1,155.39,28,11.8
218,28 Jun '19,MSFT,1.16,Buy ,31,83.9,6.5,6.5,0.0,3.2,144.21,28,7.7
219,29 Mar '19,MSFT,1.18,Buy ,34,82.4,5.9,8.8,0.0,2.9,127.23,30,7.9
220,31 Dec '18,MSFT,1.18,Buy ,36,80.6,8.3,8.3,0.0,2.8,125.83,34,23.9
221,28 Sep '18,MSFT,1.21,Buy ,34,79.4,5.9,11.8,0.0,2.9,124.35,33,8.7
222,29 Jun '18,MSFT,1.21,Buy ,34,79.4,5.9,11.8,0.0,2.9,112.74,32,14.3
223,29 Mar '18,MSFT,1.27,Overweight ,35,74.3,2.9,20.0,0.0,2.9,105.18,32,15.2
224,29 Dec '17,MSFT,1.28,Overweight ,34,73.5,2.9,20.6,0.0,2.9,93.43,30,9.2
225,29 Sep '17,MSFT,1.32,Overweight ,33,69.7,3.0,24.2,0.0,3.0,80.51,31,8.1
226,30 Jun '17,MSFT,1.32,Overweight ,36,69.4,2.8,25.0,0.0,2.8,74.92,33,8.7
227,31 Mar '17,MSFT,1.35,Overweight ,36,66.7,2.8,27.8,0.0,2.8,70.13,32,6.5
228,30 Dec '16,MSFT,1.40,Overweight ,35,62.9,5.7,25.7,0.0,5.7,65.75,32,5.8
229,30 Sep '16,MSFT,1.53,Overweight ,35,51.4,5.7,34.3,2.9,5.7,59.63,32,3.5
230,30 Jun '16,MSFT,1.46,Overweight ,35,57.1,8.6,25.7,2.9,5.7,58.11,33,13.6
231,31 Mar '16,MSFT,1.51,Overweight ,35,51.4,8.6,31.4,2.9,5.7,58.95,33,6.7
232,31 Dec '15,MSFT,1.51,Overweight ,36,50.0,11.1,30.6,2.8,5.6,57.42,33,3.5
233,30 Sep '15,MSFT,1.61,Overweight ,35,45.7,8.6,31.4,5.7,8.6,50.22,32,13.5
234,30 Jun '15,MSFT,1.65,Overweight ,34,44.1,5.9,35.3,5.9,8.8,49.87,30,12.9
235,31 Mar '15,MSFT,1.74,Overweight ,37,35.1,5.4,43.2,8.1,8.1,46.88,33,15.3
236,31 Dec '14,MSFT,1.62,Overweight ,37,43.2,5.4,40.5,5.4,5.4,49.91,34,7.5
240,01 Dec '19,T,1.68,Overweight ,28,35.7,7.1,50.0,0.0,7.1,39.08,24,4.6
241,30 Sep '19,T,1.62,Overweight ,26,38.5,7.7,50.0,0.0,3.8,36.09,22,-4.6
242,28 Jun '19,T,1.63,Overweight ,28,39.3,10.7,42.9,0.0,7.1,33.75,24,0.7
243,29 Mar '19,T,1.60,Overweight ,29,41.4,10.3,41.4,0.0,6.9,33.80,25,7.8
244,31 Dec '18,T,1.63,Overweight ,31,38.7,9.7,45.2,0.0,6.5,34.38,26,20.5
245,28 Sep '18,T,1.75,Hold ,32,31.3,6.3,53.1,0.0,9.4,35.30,28,5.1
246,29 Jun '18,T,1.72,Overweight ,30,30.0,10.0,53.3,0.0,6.7,36.96,26,15.1
247,29 Mar '18,T,1.68,Overweight ,30,30.0,10.0,56.7,0.0,3.3,40.15,25,12.6
248,29 Dec '17,T,1.77,Hold ,28,21.4,10.7,64.3,0.0,3.6,39.10,21,0.6
249,29 Sep '17,T,1.77,Hold ,28,21.4,10.7,64.3,0.0,3.6,40.86,21,4.3
250,30 Jun '17,T,1.73,Overweight ,28,25.0,10.7,60.7,0.0,3.6,41.67,21,10.4
251,31 Mar '17,T,1.66,Overweight ,25,28.0,12.0,60.0,0.0,0.0,43.06,17,3.6
252,30 Dec '16,T,1.63,Overweight ,26,34.6,11.5,50.0,0.0,3.8,41.75,20,-1.8
253,30 Sep '16,T,1.48,Overweight ,27,48.1,7.4,44.4,0.0,0.0,44.09,22,8.6
254,30 Jun '16,T,1.50,Overweight ,32,50.0,6.3,40.6,0.0,3.1,41.28,25,-4.5
255,31 Mar '16,T,1.53,Overweight ,33,48.5,6.1,39.4,3.0,3.0,38.58,26,-1.5
256,31 Dec '15,T,1.53,Overweight ,30,50.0,6.7,36.7,0.0,6.7,37.52,25,9.0
257,30 Sep '15,T,1.56,Overweight ,31,48.4,3.2,41.9,0.0,6.5,37.77,26,15.9
258,30 Jun '15,T,1.67,Overweight ,30,36.7,6.7,50.0,0.0,6.7,35.88,24,1.0
259,31 Mar '15,T,1.77,Hold ,31,22.6,6.5,67.7,0.0,3.2,34.63,24,6.0
260,31 Dec '14,T,1.84,Hold ,31,22.6,3.2,64.5,3.2,6.5,35.02,25,4.3
264,01 Dec '19,WMT,1.40,Overweight ,31,54.8,12.9,29.0,3.2,0.0,130.24,29,9.4
265,31 Oct '19,WMT,1.44,Overweight ,31,51.6,12.9,32.3,3.2,0.0,123.32,28,5.2
266,31 Jul '19,WMT,1.52,Overweight ,31,45.2,16.1,32.3,3.2,3.2,112.61,28,2.0
267,30 Apr '19,WMT,1.55,Overweight ,31,41.9,9.7,45.2,3.2,0.0,109.30,27,6.3
268,31 Jan '19,WMT,1.58,Overweight ,32,37.5,9.4,53.1,0.0,0.0,106.54,28,11.2
269,31 Oct '18,WMT,1.59,Overweight ,34,35.3,11.8,52.9,0.0,0.0,104.19,30,3.9
270,31 Jul '18,WMT,1.67,Overweight ,29,27.6,10.3,62.1,0.0,0.0,94.23,27,5.6
271,30 Apr '18,WMT,1.57,Overweight ,34,38.2,8.8,52.9,0.0,0.0,103.64,30,17.2
272,31 Jan '18,WMT,1.53,Overweight ,34,44.1,5.9,50.0,0.0,0.0,106.70,30,0.1
273,31 Oct '17,WMT,1.61,Overweight ,33,42.4,6.1,45.5,0.0,6.1,86.47,30,-1.0
274,31 Jul '17,WMT,1.61,Overweight ,32,43.8,3.1,46.9,0.0,6.3,81.71,31,2.2
275,28 Apr '17,WMT,1.75,Hold ,34,32.4,2.9,55.9,0.0,8.8,75.21,29,0.0
276,31 Jan '17,WMT,1.78,Hold ,34,29.4,2.9,58.8,0.0,8.8,73.87,29,10.7
277,31 Oct '16,WMT,1.77,Hold ,32,31.3,3.1,56.3,0.0,9.4,74.71,27,6.7
278,29 Jul '16,WMT,1.97,Hold ,29,10.3,6.9,72.4,0.0,10.3,69.91,25,-4.2
279,29 Apr '16,WMT,1.95,Hold ,30,13.3,3.3,73.3,0.0,10.0,65.31,26,-2.3
280,29 Jan '16,WMT,1.91,Hold ,29,13.8,3.4,75.9,0.0,6.9,63.75,24,-3.9
281,30 Oct '15,WMT,1.95,Hold ,29,10.3,3.4,79.3,0.0,6.9,63.26,23,10.5
282,31 Jul '15,WMT,1.84,Hold ,31,22.6,6.5,61.3,0.0,9.7,80.40,23,11.7
283,30 Apr '15,WMT,1.82,Hold ,31,22.6,9.7,58.1,0.0,9.7,85.22,23,9.2
284,30 Jan '15,WMT,1.83,Hold ,30,23.3,6.7,60.0,0.0,10.0,84.47,23,-0.6
288,01 Dec '19,MCD,1.31,Overweight ,32,65.6,6.3,28.1,0.0,0.0,224.39,28,15.4
289,30 Sep '19,MCD,1.26,Overweight ,31,71.0,6.5,22.6,0.0,0.0,233.92,26,8.9
290,28 Jun '19,MCD,1.27,Overweight ,30,70.0,6.7,23.3,0.0,0.0,217.64,25,4.8
291,29 Mar '19,MCD,1.26,Overweight ,29,69.0,10.3,20.7,0.0,0.0,198.38,24,4.5
292,31 Dec '18,MCD,1.29,Overweight ,33,66.7,9.1,24.2,0.0,0.0,194.76,29,9.7
293,28 Sep '18,MCD,1.40,Overweight ,31,54.8,9.7,35.5,0.0,0.0,182.30,27,9.0
294,29 Jun '18,MCD,1.40,Overweight ,31,54.8,9.7,35.5,0.0,0.0,186.33,27,18.9
295,29 Mar '18,MCD,1.36,Overweight ,32,59.4,9.4,31.3,0.0,0.0,186.42,26,19.2
296,29 Dec '17,MCD,1.37,Overweight ,34,58.8,8.8,32.4,0.0,0.0,180.43,28,4.8
297,29 Sep '17,MCD,1.38,Overweight ,33,57.6,9.1,33.3,0.0,0.0,172.22,27,9.9
298,30 Jun '17,MCD,1.39,Overweight ,32,56.3,9.4,34.4,0.0,0.0,158.72,25,3.6
299,31 Mar '17,MCD,1.57,Overweight ,30,40.0,6.7,53.3,0.0,0.0,134.18,22,3.5
300,30 Dec '16,MCD,1.53,Overweight ,31,45.2,6.5,45.2,3.2,0.0,128.31,26,5.4
301,30 Sep '16,MCD,1.60,Overweight ,31,38.7,6.5,51.6,3.2,0.0,129.74,23,12.5
302,30 Jun '16,MCD,1.57,Overweight ,30,43.3,3.3,50.0,3.3,0.0,130.96,23,8.8
303,31 Mar '16,MCD,1.55,Overweight ,31,45.2,3.2,48.4,3.2,0.0,128.26,23,2.1
304,31 Dec '15,MCD,1.62,Overweight ,30,40.0,0.0,56.7,3.3,0.0,119.73,22,1.3
305,30 Sep '15,MCD,1.72,Overweight ,29,31.0,0.0,62.1,6.9,0.0,103.76,21,5.3
306,30 Jun '15,MCD,1.74,Overweight ,27,29.6,0.0,63.0,7.4,0.0,103.58,19,9.0
307,31 Mar '15,MCD,1.81,Hold ,27,22.2,0.0,70.4,7.4,0.0,100.11,18,2.7
308,31 Dec '14,MCD,1.84,Hold ,28,17.9,0.0,78.6,3.6,0.0,95.64,20,2.1
312,01 Dec '19,ADBE,1.41,Overweight ,29,55.2,6.9,37.9,0.0,0.0,318.52,25,2.9
313,29 Nov '19,ADBE,1.41,Overweight ,29,55.2,6.9,37.9,0.0,0.0,318.52,25,2.9
314,30 Aug '19,ADBE,1.43,Overweight ,28,53.6,7.1,39.3,0.0,0.0,314.79,24,10.6
315,31 May '19,ADBE,1.40,Overweight ,30,56.7,6.7,36.7,0.0,0.0,298.16,25,10.1
316,28 Feb '19,ADBE,1.42,Overweight ,32,53.1,9.4,37.5,0.0,0.0,291.21,28,10.9
317,30 Nov '18,ADBE,1.37,Overweight ,31,58.1,9.7,32.3,0.0,0.0,292.19,27,16.5
318,31 Aug '18,ADBE,1.43,Overweight ,30,56.7,6.7,33.3,0.0,3.3,271.27,26,2.9
319,31 May '18,ADBE,1.38,Overweight ,30,56.7,10.0,33.3,0.0,0.0,247.04,27,-0.9
320,28 Feb '18,ADBE,1.33,Overweight ,32,62.5,9.4,28.1,0.0,0.0,216.66,29,3.6
321,30 Nov '17,ADBE,1.29,Overweight ,33,66.7,9.1,24.2,0.0,0.0,182.97,30,0.8
322,31 Aug '17,ADBE,1.30,Overweight ,32,68.8,9.4,18.8,0.0,3.1,160.09,29,3.2
323,31 May '17,ADBE,1.26,Overweight ,33,69.7,9.1,21.2,0.0,0.0,144.55,29,1.9
324,28 Feb '17,ADBE,1.35,Overweight ,30,60.0,10.0,30.0,0.0,0.0,122.60,25,3.6
325,30 Nov '16,ADBE,1.33,Overweight ,29,62.1,10.3,27.6,0.0,0.0,120.36,25,17.1
326,31 Aug '16,ADBE,1.28,Overweight ,27,66.7,11.1,22.2,0.0,0.0,112.12,25,9.6
327,31 May '16,ADBE,1.31,Overweight ,24,62.5,12.5,25.0,0.0,0.0,110.09,22,10.7
328,29 Feb '16,ADBE,1.33,Overweight ,26,61.5,11.5,26.9,0.0,0.0,103.42,24,21.5
329,30 Nov '15,ADBE,1.35,Overweight ,27,59.3,11.1,29.6,0.0,0.0,91.38,24,-0.1
330,31 Aug '15,ADBE,1.35,Overweight ,23,60.9,8.7,30.4,0.0,0.0,88.50,22,12.6
331,29 May '15,ADBE,1.40,Overweight ,24,58.3,4.2,37.5,0.0,0.0,85.09,23,7.6
332,27 Feb '15,ADBE,1.40,Overweight ,24,58.3,4.2,37.5,0.0,0.0,84.05,21,6.3
333,28 Nov '14,ADBE,1.46,Overweight ,23,52.2,4.3,43.5,0.0,0.0,78.90,20,7.1
337,01 Dec '19,NFLX,1.48,Overweight ,42,59.5,4.8,26.2,0.0,9.5,366.15,37,16.4
338,30 Sep '19,NFLX,1.38,Overweight ,40,65.0,5.0,25.0,0.0,5.0,393.26,35,46.9
339,28 Jun '19,NFLX,1.35,Overweight ,40,67.5,5.0,22.5,0.0,5.0,410.99,35,11.9
340,29 Mar '19,NFLX,1.43,Overweight ,43,60.5,7.0,25.6,0.0,7.0,399.85,38,12.1
341,31 Dec '18,NFLX,1.40,Overweight ,40,57.5,10.0,30.0,0.0,2.5,398.64,36,48.9
342,28 Sep '18,NFLX,1.52,Overweight ,44,52.3,9.1,29.5,0.0,9.1,377.00,42,0.8
343,29 Jun '18,NFLX,1.50,Overweight ,42,50.0,9.5,35.7,0.0,4.8,353.59,40,-9.7
344,29 Mar '18,NFLX,1.55,Overweight ,48,47.9,10.4,33.3,0.0,8.3,285.05,43,-3.5
345,29 Dec '17,NFLX,1.48,Overweight ,44,54.5,9.1,29.5,0.0,6.8,216.02,40,12.5
346,29 Sep '17,NFLX,1.47,Overweight ,43,55.8,9.3,27.9,0.0,7.0,187.97,39,3.7
347,30 Jun '17,NFLX,1.51,Overweight ,41,51.2,9.8,31.7,0.0,7.3,159.11,36,6.5
348,31 Mar '17,NFLX,1.49,Overweight ,43,53.5,9.3,30.2,0.0,7.0,152.68,38,3.3
349,30 Dec '16,NFLX,1.60,Overweight ,42,50.0,7.1,28.6,2.4,11.9,125.22,37,1.1
350,30 Sep '16,NFLX,1.64,Overweight ,42,47.6,7.1,28.6,2.4,14.3,104.00,37,5.5
351,30 Jun '16,NFLX,1.57,Overweight ,43,48.8,7.0,32.6,4.7,7.0,116.36,39,27.2
352,31 Mar '16,NFLX,1.56,Overweight ,44,47.7,6.8,38.6,0.0,6.8,126.20,40,23.4
353,31 Dec '15,NFLX,1.55,Overweight ,44,50.0,2.3,40.9,2.3,4.5,122.75,40,7.3
354,30 Sep '15,NFLX,1.57,Overweight ,43,46.5,9.3,34.9,2.3,7.0,117.76,38,14.0
355,30 Jun '15,NFLX,1.56,Overweight ,44,47.7,9.1,34.1,2.3,6.8,89.06,39,-5.1
356,31 Mar '15,NFLX,1.63,Overweight ,44,40.9,6.8,43.2,4.5,4.5,62.99,38,5.8
357,31 Dec '14,NFLX,1.69,Overweight ,42,33.3,4.8,54.8,4.8,2.4,58.76,37,20.4
361,01 Dec '19,NKE,1.38,Overweight ,30,60.0,10.0,26.7,0.0,3.3,103.59,28,10.8
362,29 Nov '19,NKE,1.38,Overweight ,30,60.0,10.0,26.7,0.0,3.3,103.23,28,10.4
363,30 Aug '19,NKE,1.32,Overweight ,28,64.3,10.7,21.4,3.6,0.0,94.77,26,12.2
364,31 May '19,NKE,1.30,Overweight ,30,66.7,10.0,20.0,3.3,0.0,92.44,27,19.8
365,28 Feb '19,NKE,1.33,Overweight ,33,63.6,9.1,24.2,3.0,0.0,88.33,30,3.0
366,30 Nov '18,NKE,1.50,Overweight ,36,47.2,8.3,41.7,2.8,0.0,87.75,32,16.8
367,31 Aug '18,NKE,1.50,Overweight ,37,48.6,10.8,35.1,2.7,2.7,83.09,32,1.1
368,31 May '18,NKE,1.53,Overweight ,32,40.6,15.6,40.6,3.1,0.0,71.74,28,-0.1
369,28 Feb '18,NKE,1.53,Overweight ,36,41.7,13.9,41.7,2.8,0.0,67.90,30,1.3
370,30 Nov '17,NKE,1.58,Overweight ,36,36.1,13.9,47.2,2.8,0.0,59.17,31,-2.1
371,31 Aug '17,NKE,1.51,Overweight ,36,44.4,11.1,41.7,2.8,0.0,60.68,30,14.9
372,31 May '17,NKE,1.46,Overweight ,36,50.0,11.1,36.1,2.8,0.0,61.17,30,15.4
373,28 Feb '17,NKE,1.44,Overweight ,35,51.4,11.4,34.3,2.9,0.0,61.87,31,8.2
374,30 Nov '16,NKE,1.39,Overweight ,33,57.6,9.1,30.3,3.0,0.0,62.61,29,25.0
375,31 Aug '16,NKE,1.36,Overweight ,32,59.4,9.4,31.3,0.0,0.0,65.37,28,13.4
376,31 May '16,NKE,1.21,Buy ,31,77.4,3.2,19.4,0.0,0.0,72.16,29,30.7
377,29 Feb '16,NKE,1.21,Buy ,33,75.8,6.1,18.2,0.0,0.0,72.43,30,17.6
378,30 Nov '15,NKE,1.19,Buy ,32,78.1,6.3,15.6,0.0,0.0,69.88,29,5.7
379,31 Aug '15,NKE,1.27,Overweight ,30,70.0,6.7,23.3,0.0,0.0,60.10,26,7.6
380,29 May '15,NKE,1.37,Overweight ,30,60.0,6.7,33.3,0.0,0.0,54.96,26,8.1
381,27 Feb '15,NKE,1.39,Overweight ,31,58.1,6.5,35.5,0.0,0.0,51.40,25,5.8
382,28 Nov '14,NKE,1.38,Overweight ,28,60.7,3.6,35.7,0.0,0.0,48.73,22,-1.8
386,01 Dec '19,SBUX,1.66,Overweight ,29,34.5,0.0,65.5,0.0,0.0,94.67,24,10.8
387,30 Sep '19,SBUX,1.69,Overweight ,29,31.0,0.0,69.0,0.0,0.0,96.68,25,9.3
388,28 Jun '19,SBUX,1.65,Overweight ,30,33.3,3.3,63.3,0.0,0.0,80.46,24,-4.0
389,29 Mar '19,SBUX,1.61,Overweight ,27,37.0,3.7,59.3,0.0,0.0,70.00,21,-5.8
390,31 Dec '18,SBUX,1.52,Overweight ,31,45.2,6.5,48.4,0.0,0.0,69.48,25,7.9
391,28 Sep '18,SBUX,1.57,Overweight ,29,41.4,3.4,55.2,0.0,0.0,58.04,23,2.1
392,29 Jun '18,SBUX,1.52,Overweight ,30,46.7,3.3,50.0,0.0,0.0,60.71,25,24.3
393,29 Mar '18,SBUX,1.36,Overweight ,32,62.5,3.1,34.4,0.0,0.0,64.42,27,11.3
394,29 Dec '17,SBUX,1.29,Overweight ,34,67.6,5.9,26.5,0.0,0.0,62.69,29,9.2
395,29 Sep '17,SBUX,1.30,Overweight ,33,66.7,6.1,27.3,0.0,0.0,63.87,28,18.9
396,30 Jun '17,SBUX,1.24,Buy ,34,73.5,5.9,20.6,0.0,0.0,66.57,30,14.2
397,31 Mar '17,SBUX,1.30,Overweight ,33,66.7,6.1,27.3,0.0,0.0,64.05,28,9.7
398,30 Dec '16,SBUX,1.25,Overweight ,32,71.9,6.3,21.9,0.0,0.0,64.32,28,15.9
399,30 Sep '16,SBUX,1.21,Buy ,31,74.2,9.7,16.1,0.0,0.0,65.62,26,21.2
400,30 Jun '16,SBUX,1.21,Buy ,29,75.9,6.9,17.2,0.0,0.0,67.80,25,18.7
401,31 Mar '16,SBUX,1.20,Buy ,28,78.6,3.6,17.9,0.0,0.0,68.13,24,14.1
402,31 Dec '15,SBUX,1.22,Buy ,29,72.4,10.3,17.2,0.0,0.0,67.92,24,13.1
403,30 Sep '15,SBUX,1.19,Buy ,29,75.9,10.3,13.8,0.0,0.0,63.92,24,12.5
404,30 Jun '15,SBUX,1.25,Overweight ,28,71.4,7.1,21.4,0.0,0.0,56.61,23,5.6
405,31 Mar '15,SBUX,1.31,Overweight ,26,65.4,7.7,26.9,0.0,0.0,49.38,21,4.3
406,31 Dec '14,SBUX,1.17,Buy ,26,76.9,11.5,11.5,0.0,0.0,45.40,21,10.7
410,01 Dec '19,LOW,1.30,Overweight ,32,68.8,6.3,21.9,3.1,0.0,132.44,27,12.9
411,31 Oct '19,LOW,1.34,Overweight ,31,64.5,6.5,25.8,3.2,0.0,123.12,26,10.3
412,31 Jul '19,LOW,1.37,Overweight ,31,58.1,9.7,32.3,0.0,0.0,114.18,28,12.6
413,30 Apr '19,LOW,1.40,Overweight ,31,54.8,12.9,29.0,3.2,0.0,117.64,28,4.0
414,31 Jan '19,LOW,1.36,Overweight ,33,57.6,12.1,30.3,0.0,0.0,110.37,30,14.8
415,31 Oct '18,LOW,1.28,Overweight ,32,65.6,12.5,21.9,0.0,0.0,119.03,30,25.0
416,31 Jul '18,LOW,1.29,Overweight ,34,64.7,11.8,23.5,0.0,0.0,108.68,31,9.4
417,30 Apr '18,LOW,1.32,Overweight ,33,60.6,15.2,24.2,0.0,0.0,104.58,31,26.9
418,31 Jan '18,LOW,1.39,Overweight ,33,54.5,12.1,33.3,0.0,0.0,107.32,31,2.5
419,31 Oct '17,LOW,1.52,Overweight ,31,45.2,9.7,41.9,3.2,0.0,84.68,28,5.9
420,31 Jul '17,LOW,1.48,Overweight ,29,48.3,10.3,37.9,3.4,0.0,89.00,27,15.0
421,28 Apr '17,LOW,1.47,Overweight ,30,50.0,10.0,36.7,3.3,0.0,87.12,26,2.6
422,31 Jan '17,LOW,1.42,Overweight ,30,53.3,10.0,36.7,0.0,0.0,81.48,25,11.5
423,31 Oct '16,LOW,1.35,Overweight ,30,60.0,10.0,30.0,0.0,0.0,84.16,25,26.3
424,29 Jul '16,LOW,1.30,Overweight ,30,66.7,6.7,26.7,0.0,0.0,87.48,25,6.3
425,29 Apr '16,LOW,1.35,Overweight ,26,61.5,7.7,30.8,0.0,0.0,83.26,23,9.5
426,29 Jan '16,LOW,1.30,Overweight ,27,66.7,7.4,25.9,0.0,0.0,83.68,22,16.8
427,30 Oct '15,LOW,1.38,Overweight ,28,60.7,3.6,35.7,0.0,0.0,80.70,23,9.3
428,31 Jul '15,LOW,1.39,Overweight ,27,59.3,3.7,37.0,0.0,0.0,78.82,22,13.6
429,30 Apr '15,LOW,1.48,Overweight ,28,50.0,3.6,46.4,0.0,0.0,79.39,23,15.3
430,30 Jan '15,LOW,1.48,Overweight ,28,50.0,3.6,46.4,0.0,0.0,70.71,24,4.4
434,01 Dec '19,MU,1.50,Overweight ,35,54.3,5.7,31.4,2.9,5.7,54.94,30,15.6
435,29 Nov '19,MU,1.50,Overweight ,35,54.3,5.7,31.4,2.9,5.7,54.94,30,15.6
436,30 Aug '19,MU,1.53,Overweight ,32,53.1,3.1,34.4,3.1,6.3,47.88,26,5.8
437,31 May '19,MU,1.54,Overweight ,35,54.3,2.9,31.4,2.9,8.6,47.14,28,44.6
438,28 Feb '19,MU,1.42,Overweight ,33,57.6,3.0,36.4,3.0,0.0,48.23,26,18.0
439,30 Nov '18,MU,1.40,Overweight ,34,61.8,0.0,35.3,2.9,0.0,61.95,28,60.6
440,31 Aug '18,MU,1.29,Overweight ,34,70.6,5.9,20.6,0.0,2.9,81.45,29,55.1
441,31 May '18,MU,1.28,Overweight ,30,73.3,3.3,20.0,0.0,3.3,77.47,28,34.5
442,28 Feb '18,MU,1.16,Buy ,31,80.6,6.5,12.9,0.0,0.0,59.67,27,22.2
443,30 Nov '17,MU,1.20,Buy ,32,75.0,9.4,15.6,0.0,0.0,53.93,27,27.2
444,31 Aug '17,MU,1.19,Buy ,31,77.4,6.5,16.1,0.0,0.0,43.28,27,35.4
445,31 May '17,MU,1.19,Buy ,31,77.4,6.5,16.1,0.0,0.0,39.00,26,26.7
446,28 Feb '17,MU,1.17,Buy ,29,79.3,6.9,13.8,0.0,0.0,31.25,24,33.3
447,30 Nov '16,MU,1.38,Overweight ,26,61.5,7.7,23.1,7.7,0.0,21.37,19,9.4
448,31 Aug '16,MU,1.41,Overweight ,27,63.0,7.4,18.5,7.4,3.7,16.55,20,0.4
449,31 May '16,MU,1.50,Overweight ,32,56.3,3.1,28.1,9.4,3.1,13.92,26,9.5
450,29 Feb '16,MU,1.37,Overweight ,34,61.8,8.8,23.5,5.9,0.0,16.38,28,54.0
451,30 Nov '15,MU,1.43,Overweight ,35,60.0,5.7,25.7,5.7,2.9,21.10,29,32.5
452,31 Aug '15,MU,1.42,Overweight ,36,58.3,5.6,33.3,0.0,2.8,26.48,33,61.4
453,29 May '15,MU,1.38,Overweight ,36,61.1,8.3,27.8,0.0,2.8,37.66,32,34.8
454,27 Feb '15,MU,1.24,Buy ,35,74.3,8.6,14.3,0.0,2.9,42.02,32,37.0
455,28 Nov '14,MU,1.33,Overweight ,35,65.7,8.6,22.9,0.0,2.9,41.50,31,15.4
459,01 Dec '19,CSCO,1.46,Overweight ,28,50.0,7.1,42.9,0.0,0.0,52.43,23,15.7
460,31 Oct '19,CSCO,1.44,Overweight ,27,51.9,7.4,40.7,0.0,0.0,55.09,22,16.0
461,31 Jul '19,CSCO,1.38,Overweight ,26,57.7,7.7,34.6,0.0,0.0,59.10,21,6.7
462,30 Apr '19,CSCO,1.32,Overweight ,28,64.3,10.7,21.4,3.6,0.0,55.74,23,-0.4
463,31 Jan '19,CSCO,1.28,Overweight ,29,69.0,6.9,24.1,0.0,0.0,52.29,24,10.6
464,31 Oct '18,CSCO,1.33,Overweight ,30,63.3,6.7,30.0,0.0,0.0,51.00,26,11.5
465,31 Jul '18,CSCO,1.33,Overweight ,30,63.3,6.7,30.0,0.0,0.0,49.10,27,16.1
466,30 Apr '18,CSCO,1.33,Overweight ,29,62.1,10.3,27.6,0.0,0.0,48.24,26,8.9
467,31 Jan '18,CSCO,1.39,Overweight ,28,57.1,7.1,35.7,0.0,0.0,41.07,23,-1.1
468,31 Oct '17,CSCO,1.38,Overweight ,28,57.1,10.7,32.1,0.0,0.0,35.70,23,4.5
469,31 Jul '17,CSCO,1.41,Overweight ,33,54.5,9.1,36.4,0.0,0.0,35.66,28,13.4
470,28 Apr '17,CSCO,1.47,Overweight ,35,48.6,8.6,42.9,0.0,0.0,35.66,29,4.7
471,31 Jan '17,CSCO,1.51,Overweight ,34,47.1,8.8,41.2,0.0,2.9,32.61,28,6.1
472,31 Oct '16,CSCO,1.51,Overweight ,34,47.1,8.8,41.2,0.0,2.9,32.78,27,6.8
473,29 Jul '16,CSCO,1.50,Overweight ,35,45.7,14.3,37.1,0.0,2.9,30.92,28,1.3
474,29 Apr '16,CSCO,1.49,Overweight ,38,47.4,13.2,36.8,0.0,2.6,29.42,31,7.0
475,29 Jan '16,CSCO,1.51,Overweight ,37,51.4,10.8,29.7,0.0,8.1,30.27,31,27.3
476,30 Oct '15,CSCO,1.58,Overweight ,40,45.0,15.0,30.0,0.0,10.0,31.25,33,8.3
477,31 Jul '15,CSCO,1.53,Overweight ,38,47.4,15.8,28.9,0.0,7.9,31.53,31,10.9
478,30 Apr '15,CSCO,1.54,Overweight ,41,51.2,12.2,24.4,2.4,9.8,29.98,33,4.0
479,30 Jan '15,CSCO,1.55,Overweight ,43,51.2,9.3,27.9,2.3,9.3,28.08,36,6.5
483,01 Dec '19,PEP,1.71,Overweight ,21,28.6,9.5,57.1,0.0,4.8,139.65,17,2.8
484,30 Sep '19,PEP,1.72,Overweight ,23,30.4,8.7,52.2,4.3,4.3,135.16,19,-1.4
485,28 Jun '19,PEP,1.72,Overweight ,23,30.4,4.3,60.9,0.0,4.3,127.95,19,-2.4
486,29 Mar '19,PEP,1.74,Overweight ,25,32.0,4.0,56.0,0.0,8.0,118.30,20,-3.5
487,31 Dec '18,PEP,1.70,Overweight ,23,30.4,8.7,56.5,0.0,4.3,116.71,21,5.6
488,28 Sep '18,PEP,1.67,Overweight ,26,38.5,3.8,50.0,0.0,7.7,118.52,23,6.0
489,29 Jun '18,PEP,1.56,Overweight ,26,42.3,11.5,42.3,0.0,3.8,115.52,23,6.1
490,29 Mar '18,PEP,1.50,Overweight ,26,46.2,7.7,46.2,0.0,0.0,123.73,22,13.4
491,29 Dec '17,PEP,1.46,Overweight ,27,48.1,11.1,40.7,0.0,0.0,123.68,24,3.1
492,29 Sep '17,PEP,1.50,Overweight ,24,45.8,8.3,45.8,0.0,0.0,122.76,23,10.2
493,30 Jun '17,PEP,1.41,Overweight ,23,56.5,4.3,39.1,0.0,0.0,122.75,20,6.3
494,31 Mar '17,PEP,1.40,Overweight ,25,56.0,8.0,36.0,0.0,0.0,117.24,21,4.8
495,30 Dec '16,PEP,1.41,Overweight ,23,52.2,13.0,34.8,0.0,0.0,116.48,20,11.3
496,30 Sep '16,PEP,1.46,Overweight ,23,47.8,13.0,39.1,0.0,0.0,117.74,19,8.2
497,30 Jun '16,PEP,1.46,Overweight ,23,47.8,13.0,39.1,0.0,0.0,111.44,18,5.2
498,31 Mar '16,PEP,1.48,Overweight ,29,48.3,6.9,44.8,0.0,0.0,106.38,24,3.8
499,31 Dec '15,PEP,1.46,Overweight ,26,50.0,7.7,42.3,0.0,0.0,105.86,21,5.9
500,30 Sep '15,PEP,1.43,Overweight ,28,57.1,7.1,32.1,0.0,3.6,104.41,22,10.7
501,30 Jun '15,PEP,1.46,Overweight ,26,53.8,7.7,34.6,0.0,3.8,105.62,21,13.2
502,31 Mar '15,PEP,1.46,Overweight ,27,51.9,11.1,33.3,0.0,3.7,106.55,22,11.4
503,31 Dec '14,PEP,1.46,Overweight ,25,52.0,12.0,32.0,0.0,4.0,100.52,22,6.3
507,01 Dec '19,XOM,1.86,Hold ,25,16.0,4.0,76.0,0.0,4.0,78.64,21,15.4
508,30 Sep '19,XOM,1.82,Hold ,25,20.0,4.0,72.0,0.0,4.0,79.75,20,12.9
509,28 Jun '19,XOM,1.80,Hold ,23,26.1,4.3,60.9,0.0,8.7,85.50,19,11.6
510,29 Mar '19,XOM,1.73,Overweight ,24,33.3,4.2,54.2,0.0,8.3,84.47,19,4.5
511,31 Dec '18,XOM,1.84,Hold ,25,32.0,0.0,52.0,0.0,16.0,87.05,21,27.7
512,28 Sep '18,XOM,1.83,Hold ,24,29.2,0.0,58.3,0.0,12.5,89.51,21,5.3
513,29 Jun '18,XOM,1.78,Hold ,23,34.8,0.0,52.2,0.0,13.0,87.87,20,6.2
514,29 Mar '18,XOM,1.85,Hold ,27,33.3,0.0,48.1,0.0,18.5,85.17,23,14.2
515,29 Dec '17,XOM,1.96,Hold ,27,25.9,0.0,51.9,0.0,22.2,84.91,22,1.5
516,29 Sep '17,XOM,1.93,Hold ,28,28.6,0.0,50.0,0.0,21.4,82.24,23,0.3
517,30 Jun '17,XOM,1.96,Hold ,28,25.0,0.0,53.6,0.0,21.4,86.19,24,6.8
518,31 Mar '17,XOM,2.00,Hold ,28,21.4,0.0,57.1,0.0,21.4,87.00,23,6.1
519,30 Dec '16,XOM,2.02,Hold ,28,21.4,3.6,50.0,0.0,25.0,87.96,24,-2.6
520,30 Sep '16,XOM,1.92,Hold ,26,26.9,7.7,42.3,0.0,23.1,89.43,22,2.5
521,30 Jun '16,XOM,1.92,Hold ,26,26.9,7.7,42.3,0.0,23.1,86.59,22,-7.6
522,31 Mar '16,XOM,1.93,Hold ,27,29.6,7.4,37.0,0.0,25.9,81.46,23,-2.6
523,31 Dec '15,XOM,1.88,Hold ,26,26.9,7.7,46.2,0.0,19.2,83.10,20,6.6
524,30 Sep '15,XOM,1.87,Hold ,26,26.9,3.8,53.8,0.0,15.4,82.32,19,10.7
525,30 Jun '15,XOM,1.84,Hold ,25,28.0,0.0,60.0,0.0,12.0,94.35,17,13.4
526,31 Mar '15,XOM,1.85,Hold ,26,26.9,0.0,61.5,0.0,11.5,93.85,20,10.4
527,31 Dec '14,XOM,1.76,Hold ,25,32.0,4.0,52.0,4.0,8.0,99.10,20,7.2
531,01 Dec '19,VZ,1.70,Overweight ,27,29.6,0.0,70.4,0.0,0.0,62.14,22,3.1
532,30 Sep '19,VZ,1.64,Overweight ,25,36.0,0.0,64.0,0.0,0.0,60.75,20,0.6
533,28 Jun '19,VZ,1.58,Overweight ,26,42.3,0.0,57.7,0.0,0.0,60.14,21,5.3
534,29 Mar '19,VZ,1.62,Overweight ,30,40.0,0.0,56.7,3.3,0.0,59.91,23,1.3
535,31 Dec '18,VZ,1.60,Overweight ,30,40.0,0.0,60.0,0.0,0.0,58.79,24,4.6
536,28 Sep '18,VZ,1.55,Overweight ,31,45.2,0.0,54.8,0.0,0.0,56.62,26,6.0
537,29 Jun '18,VZ,1.50,Overweight ,30,50.0,0.0,50.0,0.0,0.0,55.67,25,10.7
538,29 Mar '18,VZ,1.69,Overweight ,32,31.3,0.0,68.8,0.0,0.0,55.72,25,16.5
539,29 Dec '17,VZ,1.77,Hold ,30,23.3,0.0,76.7,0.0,0.0,51.70,23,-2.3
540,29 Sep '17,VZ,1.85,Hold ,31,16.1,0.0,80.6,3.2,0.0,49.65,23,0.3
541,30 Jun '17,VZ,1.83,Hold ,32,18.8,0.0,78.1,3.1,0.0,49.67,24,11.2
542,31 Mar '17,VZ,1.78,Hold ,30,23.3,0.0,73.3,3.3,0.0,51.80,20,6.3
543,30 Dec '16,VZ,1.72,Overweight ,29,27.6,3.4,65.5,3.4,0.0,52.14,21,-2.3
544,30 Sep '16,VZ,1.76,Hold ,27,22.2,3.7,74.1,0.0,0.0,54.63,19,5.1
545,30 Jun '16,VZ,1.73,Overweight ,31,25.8,3.2,71.0,0.0,0.0,52.26,23,-6.4
546,31 Mar '16,VZ,1.62,Overweight ,33,36.4,6.1,54.5,3.0,0.0,51.36,25,-5.0
547,31 Dec '15,VZ,1.61,Overweight ,32,37.5,6.3,53.1,3.1,0.0,50.42,24,9.1
548,30 Sep '15,VZ,1.53,Overweight ,31,48.4,6.5,38.7,3.2,3.2,50.75,24,16.6
549,30 Jun '15,VZ,1.63,Overweight ,27,37.0,7.4,51.9,0.0,3.7,51.57,21,10.6
550,31 Mar '15,VZ,1.48,Overweight ,32,50.0,6.3,40.6,3.1,0.0,51.52,26,5.9
551,31 Dec '14,VZ,1.42,Overweight ,33,54.5,6.1,39.4,0.0,0.0,52.58,25,12.4
555,01 Dec '19,CMCSA,1.22,Buy ,34,73.5,8.8,17.6,0.0,0.0,52.00,32,17.8
556,30 Sep '19,CMCSA,1.20,Buy ,32,75.0,9.4,15.6,0.0,0.0,50.60,30,12.2
557,28 Jun '19,CMCSA,1.27,Overweight ,32,68.8,9.4,21.9,0.0,0.0,48.14,29,13.9
558,29 Mar '19,CMCSA,1.30,Overweight ,33,63.6,12.1,24.2,0.0,0.0,44.93,29,12.4
559,31 Dec '18,CMCSA,1.30,Overweight ,32,62.5,15.6,21.9,0.0,0.0,44.45,29,30.5
560,28 Sep '18,CMCSA,1.31,Overweight ,24,58.3,20.8,20.8,0.0,0.0,43.64,22,23.2
561,29 Jun '18,CMCSA,1.27,Overweight ,22,68.2,9.1,22.7,0.0,0.0,43.55,20,32.7
562,29 Mar '18,CMCSA,1.26,Overweight ,25,68.0,12.0,20.0,0.0,0.0,47.82,23,40.0
563,29 Dec '17,CMCSA,1.12,Buy ,33,81.8,12.1,6.1,0.0,0.0,45.03,30,12.4
564,29 Sep '17,CMCSA,1.11,Buy ,32,84.4,9.4,6.3,0.0,0.0,45.86,29,19.2
565,30 Jun '17,CMCSA,1.14,Buy ,32,81.3,9.4,9.4,0.0,0.0,45.21,29,16.2
566,31 Mar '17,CMCSA,1.17,Buy ,30,76.7,13.3,10.0,0.0,0.0,42.06,26,11.9
567,30 Dec '16,CMCSA,1.17,Buy ,29,75.9,13.8,10.3,0.0,0.0,37.85,25,9.6
568,30 Sep '16,CMCSA,1.20,Buy ,28,75.0,10.7,14.3,0.0,0.0,37.64,24,13.5
569,30 Jun '16,CMCSA,1.18,Buy ,28,78.6,7.1,14.3,0.0,0.0,35.32,25,8.4
570,31 Mar '16,CMCSA,1.23,Buy ,31,71.0,12.9,16.1,0.0,0.0,34.41,27,12.7
571,31 Dec '15,CMCSA,1.27,Overweight ,28,67.9,10.7,21.4,0.0,0.0,34.82,25,23.4
572,30 Sep '15,CMCSA,1.25,Overweight ,30,66.7,16.7,16.7,0.0,0.0,35.10,26,23.4
573,30 Jun '15,CMCSA,1.21,Buy ,29,75.9,6.9,17.2,0.0,0.0,33.54,25,11.5
574,31 Mar '15,CMCSA,1.21,Buy ,26,73.1,11.5,15.4,0.0,0.0,32.78,23,16.1
575,31 Dec '14,CMCSA,1.22,Buy ,25,72.0,12.0,16.0,0.0,0.0,31.93,23,10.1
579,01 Dec '19,TGT,1.43,Overweight ,28,57.1,7.1,32.1,0.0,3.6,137.48,25,10.0
580,31 Oct '19,TGT,1.44,Overweight ,26,53.8,7.7,34.6,3.8,0.0,114.57,23,7.2
581,31 Jul '19,TGT,1.60,Overweight ,26,38.5,7.7,50.0,3.8,0.0,90.05,21,4.2
582,30 Apr '19,TGT,1.71,Overweight ,26,30.8,7.7,53.8,3.8,3.8,86.95,21,12.3
583,31 Jan '19,TGT,1.76,Hold ,27,22.2,11.1,63.0,0.0,3.7,80.78,23,10.7
584,31 Oct '18,TGT,1.88,Hold ,26,11.5,11.5,69.2,3.8,3.8,88.57,21,5.9
585,31 Jul '18,TGT,1.90,Hold ,25,16.0,12.0,60.0,0.0,12.0,77.45,22,-4.0
586,30 Apr '18,TGT,1.88,Hold ,26,15.4,7.7,69.2,0.0,7.7,75.90,23,4.5
587,31 Jan '18,TGT,1.95,Hold ,28,14.3,3.6,71.4,0.0,10.7,74.29,24,-1.2
588,31 Oct '17,TGT,2.02,Hold ,26,11.5,3.8,69.2,0.0,15.4,59.99,23,1.6
589,31 Jul '17,TGT,2.10,Hold ,26,7.7,3.8,69.2,0.0,19.2,58.25,23,2.8
590,28 Apr '17,TGT,1.98,Hold ,28,14.3,3.6,67.9,0.0,14.3,59.20,24,6.0
591,31 Jan '17,TGT,1.89,Hold ,28,21.4,0.0,67.9,0.0,10.7,73.36,23,13.8
592,31 Oct '16,TGT,1.84,Hold ,28,21.4,3.6,67.9,0.0,7.1,73.35,21,6.7
593,29 Jul '16,TGT,1.80,Hold ,27,25.9,3.7,63.0,0.0,7.4,77.08,23,2.3
594,29 Apr '16,TGT,1.81,Hold ,27,25.9,0.0,66.7,0.0,7.4,83.43,23,4.9
595,29 Jan '16,TGT,1.67,Overweight ,27,37.0,0.0,59.3,0.0,3.7,81.29,24,12.2
596,30 Oct '15,TGT,1.73,Overweight ,26,30.8,0.0,65.4,0.0,3.8,84.18,22,9.1
597,31 Jul '15,TGT,1.78,Hold ,27,29.6,0.0,63.0,0.0,7.4,83.28,21,1.8
598,30 Apr '15,TGT,1.75,Hold ,28,32.1,0.0,60.7,0.0,7.1,80.59,22,2.2
599,30 Jan '15,TGT,1.83,Hold ,27,25.9,0.0,63.0,3.7,7.4,75.41,22,2.4
